chromosome	start	end	ref	alt
chr10	56531839	56531839	T	A
chr9	124928343	124928343	G	T
chr3	89243925	89243925	G	A
chr2	106755722	106755722	G	A
chr19	57909089	57909089	G	A
chr16	22037589	22037589	G	C
chrX	20289007	20289007	G	C
chr19	10244511	10244511	G	A
chr6	165822854	165822854	G	C
chr7	64526802	64526802	G	A
chrX	90686120	90686120	G	A
chr7	51755596	51755596	A	G
chr21	40999613	40999613	C	G
chr10	75291787	75291787	A	C
chrX	48926113	48926113	G	C
chr14	22394986	22394986	G	C
chr4	184435059	184435059	C	T
chr8	106921473	106921473	C	T
chr14	93922190	93922190	C	T
chr11	132535375	132535375	T	A
chr8	133659589	133659589	G	A
chr16	31188532	31188532	C	G
chr8	129408835	129408835	C	G
chr18	26304592	26304592	C	T
chr11	70415099	70415099	G	A
chr17	70815696	70815696	C	T
chr12	49127221	49127221	G	C
chr3	21727415	21727415	C	T
chrX	27947451	27947451	C	T
chr11	75683250	75683250	C	G
chr4	114129122	114129122	C	G
chr12	99553245	99553245	G	C
chr13	20087714	20087714	T	G
chr4	108148969	108148969	G	A
chr3	76860465	76860465	G	C
chr2	90222517	90222517	G	T
chr1	158804457	158804457	C	A
chr6	129922768	129922768	G	C
chr8	133859719	133859719	G	A
chr1	190678361	190678361	C	G
chrX	144997829	144997829	G	A
chr8	116440557	116440557	C	G
chr5	75915635	75915635	G	A
chr14	50081411	50081411	T	A
chr18	34937946	34937946	C	G
chr3	136648647	136648647	C	T
chr6	107235591	107235591	C	G
chr11	18876079	18876079	G	C
chr19	41130029	41130029	C	T
chr19	57286853	57286853	C	G
chr19	11487329	11487329	C	G
chr10	32691631	32691631	C	T
chr11	47167510	47167510	G	A
chr14	55244263	55244263	C	T
chr12	64620460	64620460	T	A
chr6	99927350	99927350	T	C
chr17	59206747	59206747	C	T
chr9	103778465	103778465	G	A
chr7	31683300	31683300	G	A
chr7	5250424	5250424	G	A
chr2	231077471	231077471	C	G
chr17	33991822	33991822	G	C
chr14	39772690	39772690	C	G
chr12	62244994	62244994	G	A
chr12	120634103	120634103	G	A
chr12	109455879	109455879	G	A
chr20	44988304	44988304	T	C
chr11	45666540	45666540	G	T
chr8	113311116	113311116	C	T
chr11	18135336	18135336	C	T
chr2	144049371	144049371	C	A
chr11	111705906	111705906	G	A
chr1	150479847	150479847	C	T
chr7	72330468	72330468	G	C
chr5	56531078	56531078	G	A
chr2	155576368	155576368	G	A
chr2	26631540	26631540	G	C
chr3	171942186	171942186	G	C
chr3	7054570	7054570	G	A
chr15	49338734	49338734	G	A
chr5	21832145	21832145	G	T
chrX	152355032	152355032	C	T
chr18	7066372	7066372	T	G
chr14	35872532	35872532	G	C
chr20	46197168	46197168	G	C
chr1	187627069	187627069	C	T
chrX	31812856	31812856	A	G
chr8	104829503	104829503	G	T
chr2	79888704	79888704	G	C
chr1	29806081	29806081	T	C
chrX	9656641	9656641	C	T
chr20	48731066	48731066	G	A
chr3	82840196	82840196	C	T
chr4	165310072	165310072	C	T
chr4	188092097	188092097	C	T
chr2	172955108	172955108	C	T
chr9	36397590	36397590	G	A
chr12	120992794	120992794	C	T
chr3	197382907	197382907	T	C
chr1	70817101	70817101	G	A
chr12	55765652	55765652	C	A
chr3	152143905	152143905	C	T
chr11	128769230	128769230	G	T
chrX	110686758	110686758	T	G
chr15	31018311	31018311	C	T
chr3	52993578	52993578	C	A
chr19	58393855	58393855	G	A
chr3	54687812	54687812	C	G
chr19	51378282	51378282	G	A
chr7	148463457	148463457	A	G
chr22	22397546	22397546	C	G
chr11	118892817	118892817	C	G
chr14	100758060	100758060	C	A
chr21	11070348	11070348	T	G
chr9	73070007	73070007	G	T
chr17	68102862	68102862	A	G
chr2	136305856	136305856	C	G
chr13	92682781	92682781	T	A
chr5	94737193	94737193	G	C
chr4	2509698	2509698	C	G
chr3	178372438	178372438	T	A
chr6	90162548	90162548	C	T
chr20	60708635	60708635	G	A
chr8	126180512	126180512	C	G
chr9	131879567	131879567	C	G
chr7	114090319	114090319	G	A
chrX	62713853	62713853	C	T
chr3	137749097	137749097	G	C
chr20	1471144	1471144	C	G
chr7	29184034	29184034	G	A
chr1	114249175	114249175	C	T
chr17	77033871	77033871	C	G
chr3	52835355	52835355	A	C
chr17	79689580	79689580	C	T
chr2	241476310	241476310	C	A
chr5	26952206	26952206	G	C
chr2	25341042	25341042	G	T
chr11	55974828	55974828	C	G
chr17	29189885	29189885	G	C
chr19	22779552	22779552	G	C
chr14	65112008	65112008	G	T
chr11	46342828	46342828	G	A
chr10	120932831	120932831	C	G
chr20	54983357	54983357	G	A
chrX	38487495	38487495	C	A
chr16	6821371	6821371	G	T
chr11	114396528	114396528	G	C
chr17	33553433	33553433	G	C
chr8	92862417	92862417	G	A
chr12	101499794	101499794	G	C
chr15	85280867	85280867	G	C
chr3	170336061	170336061	T	G
chr3	39125739	39125739	G	C
chr1	240994742	240994742	C	G
chr9	90264945	90264945	C	T
chr12	114402020	114402020	C	T
chr2	73795961	73795961	G	T
chr4	48909883	48909883	C	T
chr6	152163451	152163451	A	G
chr6	46627998	46627998	G	C
chr2	58540014	58540014	C	G
chr4	183059941	183059941	C	A
chr10	12260326	12260326	A	G
chr5	46046478	46046478	C	T
chr1	24250796	24250796	C	G
chr12	72980621	72980621	C	T
chr6	133610196	133610196	G	A
chr7	52058187	52058187	A	T
chr12	64756856	64756856	G	C
chr2	238597343	238597343	C	G
chr3	73432238	73432238	T	C
chr6	34996954	34996954	G	A
chr8	54804683	54804683	G	C
chr14	81492431	81492431	C	G
chr19	50873140	50873140	G	T
chr3	13534912	13534912	G	A
chr9	8505070	8505070	C	T
chrX	38534353	38534353	C	T
chr14	57865826	57865826	C	T
chr4	3573730	3573730	T	C
chr20	1096179	1096179	C	G
chr14	35089175	35089175	C	G
chr10	123290318	123290318	G	A
chr11	36526000	36526000	C	G
chr1	3293940	3293940	C	T
chr20	41263432	41263432	T	A
chr5	58723866	58723866	G	C
chr3	7586586	7586586	G	A
chr8	85389430	85389430	C	T
chr6	170071054	170071054	C	T
chr1	145129132	145129132	G	A
chr8	17562301	17562301	C	G
chr3	51855169	51855169	G	A
chr2	230853795	230853795	C	G
chr22	18394159	18394159	G	A
chr19	11530721	11530721	C	G
chr16	10873579	10873579	T	C
chr11	22720140	22720140	G	A
chr11	11609079	11609079	G	C
chr19	2234462	2234462	C	T
chr16	4856884	4856884	G	A
chr12	62537010	62537010	G	A
chr2	204213265	204213265	A	C
chr2	169449211	169449211	C	T
chr4	178238136	178238136	C	A
chr5	142274191	142274191	G	A
chr15	37456821	37456821	C	G
chrX	47318484	47318484	C	T
chr4	103504894	103504894	C	T
chr9	111317459	111317459	C	G
chr11	126576444	126576444	A	G
chr11	6960692	6960692	A	G
chr16	89906521	89906521	G	A
chr7	90492328	90492328	C	G
chr5	87524328	87524328	T	C
chr16	23396722	23396722	C	G
chr20	41655315	41655315	A	G
chr6	160202804	160202804	C	G
chr3	157266837	157266837	C	T
chrX	31727968	31727968	A	G
chr7	128139202	128139202	C	T
chr4	114515328	114515328	C	G
chr7	98658590	98658590	G	C
chr6	146979438	146979438	T	C
chr9	137021906	137021906	C	G
chr7	99750323	99750323	G	C
chr12	1674748	1674748	G	C
chr5	22211506	22211506	C	G
chr22	49013001	49013001	C	T
chr10	85808788	85808788	G	A
chr8	82423171	82423171	G	A
chr9	39783975	39783975	A	G
chr16	26034200	26034200	C	G
chr13	37340453	37340453	G	C
chr11	956512	956512	C	T
chr12	52106286	52106286	G	C
chr17	12910559	12910559	G	A
chr19	15752719	15752719	C	T
chr9	99655491	99655491	G	C
chr1	242527817	242527817	G	T
chr5	136592968	136592968	G	A
chr3	123817917	123817917	T	A
chr7	128588418	128588418	G	C
chrX	129854381	129854381	C	T
chr3	7589173	7589173	G	A
chr22	34593137	34593137	C	T
chr5	59101664	59101664	G	A
chr3	56883812	56883812	C	T
chr2	44521845	44521845	C	G
chr8	17561306	17561306	G	C
chr14	102347238	102347238	C	G
chr2	105457496	105457496	A	T
chrX	129997866	129997866	C	G
chr22	23006704	23006704	G	C
chr1	230458015	230458015	C	T
chr1	161578941	161578941	G	C
chr14	61243272	61243272	A	C
chr5	78296391	78296391	G	A
chr10	114028764	114028764	G	C
chr13	104254307	104254307	G	C
chrX	48947103	48947103	G	A
chr4	155792729	155792729	T	A
chr15	57987697	57987697	C	G
chr17	40169805	40169805	C	T
chr3	177007469	177007469	G	C
chr12	103701264	103701264	C	T
chr2	238881447	238881447	G	C
chr7	99822381	99822381	C	T
chr14	24836116	24836116	T	C
chr2	46562022	46562022	C	A
chr2	61816931	61816931	G	A
chr14	59940603	59940603	G	A
chr1	158079862	158079862	C	G
chr17	26205961	26205961	G	A
chr2	59481192	59481192	G	T
chr8	142257011	142257011	T	C
chr2	100378079	100378079	C	T
chr3	36470834	36470834	G	T
chr2	80048655	80048655	C	T
chr7	39348671	39348671	C	A
chr12	50542677	50542677	G	C
chr5	94204596	94204596	T	G
chr16	71070253	71070253	C	T
chr15	59964167	59964167	A	T
chr14	27256196	27256196	G	C
chr14	37814890	37814890	G	T
chr19	39758816	39758816	C	T
chr11	83769920	83769920	A	C
chr3	33196467	33196467	G	A
chr19	51366134	51366134	G	C
chr3	36435152	36435152	G	A
chr9	124409399	124409399	C	G
chr2	233224487	233224487	C	T
chr16	66390127	66390127	A	C
chr18	11656669	11656669	G	C
chr6	33836047	33836047	C	G
chr1	20411894	20411894	G	C
chr11	120192996	120192996	T	G
chr17	76045499	76045499	C	T
chr8	54971562	54971562	G	C
chr2	237379482	237379482	G	C
chr12	66533213	66533213	G	A
chr2	97276807	97276807	G	A
chr1	242490609	242490609	C	T
chr3	129078469	129078469	G	C
chr14	100826323	100826323	C	G
chr3	164523643	164523643	T	A
chr2	221993845	221993845	C	A
chrX	153173728	153173728	G	A
chr2	115477758	115477758	G	A
chr15	31349746	31349746	A	C
chr7	134795024	134795024	C	G
chr6	30697327	30697327	C	T
chr11	119216668	119216668	C	T
chrX	18771720	18771720	T	G
chr1	741990	741990	C	T
chr12	46604304	46604304	G	C
chr7	32078708	32078708	C	T
chr2	116458854	116458854	G	A
chr12	125264483	125264483	G	T
chr19	12659620	12659620	A	G
chr10	127448705	127448705	G	C
chr13	39592045	39592045	G	A
chr8	87803307	87803307	C	G
chr7	136845584	136845584	G	A
chr12	22634670	22634670	C	A
chr10	71336736	71336736	C	T
chr1	245009479	245009479	C	G
chr3	157006073	157006073	C	G
chr3	29743970	29743970	G	A
chr21	38451896	38451896	G	A
chr8	4337311	4337311	C	T
chr15	44801664	44801664	C	G
chr11	110449551	110449551	A	G
chr5	165537947	165537947	C	A
chrX	11380673	11380673	C	T
chr7	106136040	106136040	G	A
chr1	179106017	179106017	C	G
chr9	16318395	16318395	C	T
chr7	102506189	102506189	C	T
chr15	38845706	38845706	C	A
chr1	164565216	164565216	C	G
chr18	3748065	3748065	C	G
chr19	49179268	49179268	T	G
chr11	64879484	64879484	G	C
chr19	50411362	50411362	T	A
chr10	18446811	18446811	A	T
chr7	25992654	25992654	C	A
chr17	38134972	38134972	G	C
chr3	109119736	109119736	C	T
chr14	77643487	77643487	G	A
chr3	32744287	32744287	G	A
chr5	23293765	23293765	C	A
chr21	35145339	35145339	C	T
chr1	8635226	8635226	A	T
chr22	42175320	42175320	G	C
chr6	162021499	162021499	T	A
chr10	2549810	2549810	C	T
chrX	121310604	121310604	C	T
chr9	33541755	33541755	C	T
chr6	146645774	146645774	C	A
chr12	114264392	114264392	C	G
chr18	3616429	3616429	C	G
chr4	103907105	103907105	G	A
chr2	157930425	157930425	C	A
chr2	210721472	210721472	G	T
chr8	80362332	80362332	G	C
chr4	52723717	52723717	G	A
chr21	44962565	44962565	C	T
chr21	48059478	48059478	T	C
chr17	46334513	46334513	G	C
chr12	7178057	7178057	G	A
chr7	151544126	151544126	G	T
chrX	20023318	20023318	G	A
chr10	28834877	28834877	C	T
chr7	149937854	149937854	C	T
chr1	74797159	74797159	G	C
chr10	132133724	132133724	C	T
chr6	54070621	54070621	T	C
chr7	1815982	1815982	C	T
chr14	25329359	25329359	A	C
chr9	15684911	15684911	C	T
chr15	100627686	100627686	C	A
chr2	116265855	116265855	C	G
chr3	67618366	67618366	G	C
chr5	72030920	72030920	G	C
chr1	41492808	41492808	G	A
chr3	172479464	172479464	G	A
chr17	29507131	29507131	C	G
chr20	6859500	6859500	T	A
chr1	52635708	52635708	G	C
chr11	83355547	83355547	C	G
chr5	172325472	172325472	C	T
chr1	241186528	241186528	C	A
chr15	67436614	67436614	T	C
chr20	17495239	17495239	G	T
chr1	178470571	178470571	G	A
chr5	76620088	76620088	C	T
chr5	164034596	164034596	G	T
chr16	87104616	87104616	A	T
chr18	46462003	46462003	C	A
chr7	14205728	14205728	C	A
chr12	26194271	26194271	G	C
chr1	207669655	207669655	C	A
chr14	32838607	32838607	C	G
chr1	187758987	187758987	C	T
chr16	11170745	11170745	G	A
chrX	73546959	73546959	C	T
chr17	56712621	56712621	C	G
chr20	34113367	34113367	C	A
chr8	79644244	79644244	C	T
chr1	151347052	151347052	C	A
chr8	112394957	112394957	T	A
chr21	39902470	39902470	C	T
chr6	46194217	46194217	C	G
chrX	71684376	71684376	C	T
chr11	94196363	94196363	C	T
chr11	23982841	23982841	T	C
chr2	130940192	130940192	C	T
chr12	125984602	125984602	A	G
chr17	8664391	8664391	G	A
chrX	21299045	21299045	T	C
chr2	63785773	63785773	G	C
chr8	14286175	14286175	C	T
chr1	109169451	109169451	C	T
chr9	97012812	97012812	G	A
chr3	38617117	38617117	G	A
chr10	27105194	27105194	G	T
chr12	56629648	56629648	G	A
chr1	156364582	156364582	C	G
chr4	167976348	167976348	T	A
chr7	110643339	110643339	C	A
chr1	155464884	155464884	C	T
chr17	55531994	55531994	C	T
chr10	18508097	18508097	G	C
chr12	55000465	55000465	G	C
chr15	77105446	77105446	C	G
chr14	46689721	46689721	C	G
chr16	48335529	48335529	G	C
chr3	143565092	143565092	G	C
chr11	5510417	5510417	C	T
chr11	74876861	74876861	G	C
chr15	43765581	43765581	G	A
chr12	47098535	47098535	T	G
chr2	100539772	100539772	G	C
chr7	136465872	136465872	A	T
chr5	130610235	130610235	C	G
chr1	212535373	212535373	C	G
chr9	130282861	130282861	G	C
chr3	112960243	112960243	C	T
chr19	36630049	36630049	C	G
chr22	44316273	44316273	C	G
chr9	112037864	112037864	G	C
chr1	163035613	163035613	C	G
chr11	85628912	85628912	C	T
chr12	99117934	99117934	C	G
chr15	30980256	30980256	A	G
chr7	17525113	17525113	G	C
chr16	79178048	79178048	C	G
chr3	105080739	105080739	A	G
chr12	45004429	45004429	G	A
chr15	56145475	56145475	A	G
chr8	139415688	139415688	C	G
chr2	32372925	32372925	C	G
chr1	68151582	68151582	C	T
chr2	155212605	155212605	C	T
chr10	98628261	98628261	G	A
chr1	236684396	236684396	A	T
chr10	84392297	84392297	G	C
chr8	125518220	125518220	G	A
chr2	109485257	109485257	G	C
chr14	29825729	29825729	G	T
chr1	232011031	232011031	G	T
chr8	139377483	139377483	G	A
chr1	170001097	170001097	C	G
chr2	29532705	29532705	C	G
chr8	69638693	69638693	G	A
chr16	7201393	7201393	C	G
chr14	100552922	100552922	C	T
chr1	241506175	241506175	G	A
chr10	110529320	110529320	A	G
chr16	28506393	28506393	C	T
chr8	100097725	100097725	A	G
chr1	235493808	235493808	G	C
chr11	18051801	18051801	T	A
chr19	13924407	13924407	G	A
chr6	62409692	62409692	A	G
chr2	136020403	136020403	A	C
chr12	13136170	13136170	G	C
chr17	47594361	47594361	G	A
chr14	91650508	91650508	A	G
chr10	114735437	114735437	C	T
chr2	42932858	42932858	A	C
chr2	63499879	63499879	G	C
chr2	202136346	202136346	T	A
chr5	163800015	163800015	C	T
chr6	152699393	152699393	C	G
chr9	22012668	22012668	G	T
chr8	71518762	71518762	C	T
chr12	93927916	93927916	C	A
chr3	179710444	179710444	C	T
chr4	68583764	68583764	C	T
chr17	6610578	6610578	G	A
chrX	148610850	148610850	C	T
chr2	242159284	242159284	G	A
chr16	84527231	84527231	C	G
chr7	127440731	127440731	T	G
chr7	124698915	124698915	A	C
chr1	226852238	226852238	C	T
chr22	22026001	22026001	G	A
chrX	85476637	85476637	C	G
chr10	70054778	70054778	C	G
chr5	146289617	146289617	G	A
chr17	4168207	4168207	A	T
chrX	31303875	31303875	C	G
chr21	15864711	15864711	T	A
chr16	21814630	21814630	G	A
chr14	27741569	27741569	C	G
chrX	129748376	129748376	T	C
chr8	124153322	124153322	G	T
chr3	57511222	57511222	G	C
chr11	117268137	117268137	G	A
chr17	49086031	49086031	C	G
chr16	4754061	4754061	C	T
chr8	93914964	93914964	T	C
chr5	158586847	158586847	G	A
chr7	124660904	124660904	G	C
chr2	198365304	198365304	G	T
chr15	98305404	98305404	G	A
chr6	51618331	51618331	C	A
chr10	127324953	127324953	T	A
chr1	217785031	217785031	C	A
chr14	103799554	103799554	C	T
chr2	207045168	207045168	G	A
chr4	40229113	40229113	G	T
chr10	78275910	78275910	G	C
chr6	42633654	42633654	C	G
chr12	54930544	54930544	C	G
chr20	13082378	13082378	C	T
chr19	39016847	39016847	G	A
chr11	9166246	9166246	G	A
chr1	19930743	19930743	A	G
chr3	196993169	196993169	C	T
chrX	78620008	78620008	C	G
chr10	129617397	129617397	G	A
chr3	148952879	148952879	G	T
chr6	12788573	12788573	G	A
chr4	186934872	186934872	C	T
chr4	67860297	67860297	A	T
chr3	195435346	195435346	C	T
chr11	67936225	67936225	C	G
chr1	3293940	3293940	C	T
chr6	6100297	6100297	C	G
chr20	34724370	34724370	G	A
chr3	2907281	2907281	G	C
chr16	29985226	29985226	C	A
chr8	66614801	66614801	C	T
chr5	114857570	114857570	T	C
chr12	90268124	90268124	G	C
chr6	141775865	141775865	A	T
chr1	67241129	67241129	G	A
chr10	102275999	102275999	T	C
chr2	159108398	159108398	G	C
chr16	49570262	49570262	C	T
chr2	31494864	31494864	C	T
chr17	18903379	18903379	G	A
chr17	15876700	15876700	G	C
chrX	41599706	41599706	T	G
chr2	20896615	20896615	C	G
chr8	60238986	60238986	A	C
chr18	45708708	45708708	C	G
chrX	11184536	11184536	G	A
chr17	30538398	30538398	G	C
chr15	78110845	78110845	C	T
chr11	83475779	83475779	G	A
chr3	7680576	7680576	G	A
chr1	165791847	165791847	C	G
chr2	149851034	149851034	G	C
chr19	28276814	28276814	C	T
chr1	210724092	210724092	C	T
chr11	84108524	84108524	C	T
chr17	46175738	46175738	A	C
chr8	70674578	70674578	C	A
chr8	40604348	40604348	C	A
chr2	33727158	33727158	G	C
chr13	65062103	65062103	G	A
chr1	9929779	9929779	C	G
chr17	42955722	42955722	C	T
chr12	42561188	42561188	G	A
chr1	88953731	88953731	C	G
chr11	10362211	10362211	A	G
chr9	16715040	16715040	A	G
chr3	171304685	171304685	G	C
chr2	197801507	197801507	G	A
chrX	32006747	32006747	T	G
chr12	69192725	69192725	C	T
chr1	246426945	246426945	G	C
chrX	120175690	120175690	C	G
chr7	137438366	137438366	G	T
chr17	28101216	28101216	C	T
chr1	170668935	170668935	G	A
chr15	22502763	22502763	G	A
chr15	101900598	101900598	C	G
chr7	116631713	116631713	C	T
chrX	124293146	124293146	C	T
chr15	27000793	27000793	T	C
chr8	102879460	102879460	C	T
chr7	99454064	99454064	A	G
chr14	53409137	53409137	C	T
chr5	102246738	102246738	G	A
chr3	138493796	138493796	G	C
chr5	154241068	154241068	G	T
chr3	122234819	122234819	C	G
chr4	159613805	159613805	A	T
chr20	14658393	14658393	C	T
chr17	27218266	27218266	G	A
chr8	52756120	52756120	G	C
chr7	128521122	128521122	C	T
chr9	109016313	109016313	A	T
chr2	149360215	149360215	G	A
chr2	202507135	202507135	A	G
chr14	96101598	96101598	C	T
chr3	4890941	4890941	G	C
chr13	28011258	28011258	C	A
chr2	167853378	167853378	G	A
chr1	244481710	244481710	G	A
chr5	93270887	93270887	A	G
chr2	47173937	47173937	G	A
chr2	116185073	116185073	C	A
chr5	4513868	4513868	G	T
chr18	43635230	43635230	C	T
chr13	99032024	99032024	C	T
chr20	24347484	24347484	C	T
chr16	72458704	72458704	C	G
chr1	33516880	33516880	G	A
chr14	100835555	100835555	C	T
chr8	135623373	135623373	G	A
chr3	50086031	50086031	G	A
chr18	6832252	6832252	A	C
chr17	38405697	38405697	G	T
chr20	7975884	7975884	G	A
chr14	65895625	65895625	G	A
chr13	21714957	21714957	G	C
chr5	11629007	11629007	C	G
chr18	5393587	5393587	G	C
chr4	185845564	185845564	G	A
chr4	152135117	152135117	T	G
chr12	29849637	29849637	C	A
chr18	6705108	6705108	C	A
chr8	38296446	38296446	T	C
chrX	155254812	155254812	C	T
chr13	104264407	104264407	C	A
chrX	91203920	91203920	G	T
chr10	45523882	45523882	C	G
chr5	93412077	93412077	T	C
chr13	50950829	50950829	G	T
chr11	134931692	134931692	C	T
chr8	31977320	31977320	C	G
chr2	182942911	182942911	A	G
chr2	220336988	220336988	T	C
chr4	4391133	4391133	G	A
chrX	139904559	139904559	C	T
chr7	9074317	9074317	C	A
chr6	81258156	81258156	T	A
chr16	67262533	67262533	G	C
chr11	125316848	125316848	G	A
chr11	64879484	64879484	G	C
chr1	1159527	1159527	C	T
chr2	25317410	25317410	G	A
chr10	55996716	55996716	C	T
chr16	71105557	71105557	C	A
chr1	173403121	173403121	G	T
chr16	78422354	78422354	C	T
chr18	25597272	25597272	C	T
chr5	142736013	142736013	A	C
chr14	71850579	71850579	C	T
chr8	112884606	112884606	A	G
chr8	102093606	102093606	G	A
chr9	7685830	7685830	G	A
chr2	206102931	206102931	G	C
chr5	74348740	74348740	G	T
chrX	27368044	27368044	G	C
chrX	80525855	80525855	T	G
chr9	356755	356755	G	A
chr1	213302784	213302784	A	G
chr16	3284656	3284656	C	T
chr11	123484796	123484796	C	G
chr17	73901724	73901724	C	T
chr17	37335014	37335014	C	T
chr17	17688520	17688520	G	C
chr6	43065878	43065878	G	A
chr14	22950720	22950720	G	C
chr15	86856357	86856357	G	A
chr13	79070688	79070688	G	A
chr19	46287351	46287351	G	C
chr12	47275888	47275888	C	A
chr17	35960016	35960016	G	A
chr2	219526767	219526767	C	G
chr10	21914582	21914582	C	T
chr9	120315065	120315065	C	G
chr14	68543071	68543071	C	G
chr6	153160941	153160941	C	G
chr18	32622140	32622140	G	A
chr22	36541313	36541313	G	A
chr9	105357484	105357484	G	A
chr3	86935940	86935940	C	T
chr18	1327236	1327236	G	A
chr19	51505690	51505690	C	T
chr19	16763017	16763017	T	C
chr11	31851624	31851624	A	G
chr19	6051114	6051114	G	C
chr8	5303454	5303454	C	G
chr10	17211270	17211270	T	G
chr9	73202219	73202219	C	A
chr4	114271522	114271522	T	A
chr8	106464765	106464765	C	A
chr6	128752905	128752905	G	A
chr2	54064087	54064087	A	G
chr2	59055035	59055035	C	G
chr9	135907865	135907865	G	A
chr1	63906909	63906909	C	T
chr17	35677249	35677249	G	C
chr8	134041547	134041547	C	T
chr5	160247797	160247797	C	T
chr4	158240031	158240031	C	G
chr1	247013544	247013544	C	T
chr6	111713460	111713460	G	A
chr3	45926279	45926279	G	A
chr3	68348699	68348699	G	C
chr1	246220100	246220100	G	A
chr14	102747883	102747883	C	G
chr3	21784145	21784145	G	A
chr11	46987187	46987187	G	C
chr1	155769059	155769059	C	G
chr9	105191871	105191871	C	T
chr15	55701364	55701364	G	A
chr5	37513844	37513844	C	T
chr21	47939213	47939213	C	G
chr17	16077359	16077359	G	C
chr2	100504119	100504119	G	C
chrX	123179398	123179398	G	C
chr4	77064562	77064562	G	C
chr7	52058502	52058502	C	T
chr19	13679015	13679015	T	A
chr3	129612101	129612101	A	T
chr2	73973788	73973788	G	A
chr1	36304574	36304574	C	G
chr16	20572348	20572348	G	A
chr3	114335934	114335934	C	G
chrX	18658494	18658494	C	T
chr11	14730331	14730331	T	G
chr14	104323337	104323337	G	C
chr3	26533491	26533491	G	A
chrX	109941460	109941460	C	G
chr1	121319312	121319312	G	A
chr10	78979169	78979169	G	C
chr7	157664185	157664185	C	T
chr8	129489403	129489403	G	C
chr14	104198237	104198237	C	G
chr17	37992208	37992208	C	T
chr10	56333244	56333244	G	T
chr4	182891539	182891539	A	G
chr1	201339027	201339027	G	T
chr9	95975373	95975373	C	G
chr20	13014034	13014034	G	A
chr1	42168647	42168647	C	A
chr1	197615822	197615822	G	A
chr12	102535679	102535679	C	G
chr8	79674622	79674622	C	T
chr1	174775346	174775346	A	T
chr2	15139836	15139836	C	A
chr2	138133362	138133362	G	A
chr8	81651273	81651273	A	G
chr17	7770507	7770507	G	A
chr11	66283617	66283617	G	C
chr1	231961369	231961369	G	C
chr18	21714997	21714997	C	T
chr5	56226954	56226954	C	G
chr20	37431216	37431216	C	T
chr2	102664382	102664382	G	A
chr5	109819498	109819498	C	G
chr8	102861970	102861970	G	A
chr1	119911036	119911036	C	A
chr3	57856525	57856525	G	A
chr17	28146516	28146516	G	C
chr2	34868515	34868515	T	C
chr20	58774200	58774200	T	C
chr10	107745026	107745026	C	A
chr5	118308658	118308658	G	C
chr11	127918845	127918845	G	C
chr21	20792073	20792073	C	G
chr6	15568492	15568492	G	C
chrX	43704097	43704097	G	C
chr13	56937321	56937321	G	T
chr1	205078596	205078596	C	T
chrX	154377794	154377794	G	A
chr9	117856003	117856003	C	G
chr4	102195410	102195410	G	A
chr20	42280710	42280710	G	A
chr12	39063819	39063819	C	T
chr9	6496625	6496625	G	T
chr3	166953972	166953972	C	A
chr1	44743827	44743827	T	C
chr6	116655920	116655920	C	G
chr20	57227564	57227564	C	T
chr3	93652389	93652389	G	C
chr1	235895057	235895057	C	T
chr11	17471156	17471156	A	G
chr4	186349141	186349141	G	A
chr2	131627680	131627680	C	G
chr1	16762829	16762829	C	A
chr17	57943970	57943970	C	A
chr10	135503359	135503359	C	G
chr9	104405503	104405503	C	G
chr6	48520260	48520260	C	G
chr5	80937674	80937674	C	T
chr8	63336302	63336302	C	G
chr14	90052743	90052743	C	T
chr7	101478450	101478450	C	T
chr20	54036251	54036251	G	T
chr8	55921073	55921073	G	C
chr17	57340105	57340105	C	T
chr19	11091171	11091171	T	A
chr17	57768139	57768139	C	T
chr15	84444767	84444767	G	A
chr10	118230819	118230819	C	G
chr10	96002448	96002448	G	A
chr7	71864309	71864309	G	T
chr14	91582393	91582393	T	G
chr14	98419313	98419313	C	G
chr17	45540766	45540766	G	C
chr3	17452005	17452005	C	G
chr3	6991042	6991042	C	G
chr9	96936656	96936656	C	T
chr1	61918218	61918218	C	T
chr6	153324766	153324766	G	T
chr8	98912889	98912889	C	T
chr15	52942598	52942598	T	C
chrX	14553733	14553733	C	T
chr1	17564220	17564220	C	G
chr11	48066362	48066362	G	A
chr5	34786864	34786864	C	T
chr5	122331422	122331422	G	A
chr16	18839979	18839979	G	C
chr11	27334347	27334347	C	T
chr2	145914395	145914395	C	G
chr10	78167280	78167280	G	C
chr1	156134006	156134006	C	A
chr3	70262790	70262790	G	T
chr11	48665231	48665231	T	C
chr4	92521239	92521239	G	A
chr14	93509983	93509983	T	A
chr8	99793062	99793062	G	A
chr12	96308381	96308381	C	G
chr2	195272107	195272107	G	C
chr3	155315752	155315752	C	T
chr15	75646439	75646439	G	A
chr21	17180716	17180716	C	G
chr3	149339979	149339979	T	C
chr7	122264982	122264982	G	C
chr22	49920147	49920147	C	G
chr10	19881333	19881333	C	A
chr5	148685984	148685984	C	T
chr12	24027328	24027328	C	A
chr13	98129115	98129115	T	G
chr16	32477830	32477830	C	T
chr12	4341951	4341951	C	A
chr11	27662253	27662253	G	T
chr1	2082431	2082431	C	T
chr11	93517283	93517283	G	A
chr12	85659376	85659376	C	T
chr14	93320653	93320653	G	A
chr4	174467568	174467568	T	A
chr9	135332980	135332980	G	A
chr13	51000821	51000821	A	G
chr2	239012981	239012981	C	T
chr11	35233090	35233090	A	G
chr3	29490572	29490572	T	C
chr9	8627545	8627545	A	G
chr4	151951177	151951177	C	G
chr1	244418506	244418506	G	C
chr8	69886212	69886212	C	G
chr1	92410352	92410352	C	G
chr12	108952710	108952710	G	C
chr16	7162573	7162573	C	G
chr19	42801731	42801731	T	C
chr3	129615358	129615358	T	A
chr5	67572803	67572803	G	T
chr5	125824147	125824147	G	A
chr6	128835173	128835173	C	G
chrX	119416746	119416746	C	A
chr3	39259454	39259454	C	G
chr2	193589937	193589937	G	A
chr10	34715865	34715865	C	G
chr2	16622746	16622746	T	A
chr4	144136900	144136900	G	A
chr5	59353899	59353899	C	A
chr15	88606111	88606111	C	T
chr13	66891704	66891704	G	A
chr4	44545257	44545257	C	T
chr3	170384645	170384645	C	T
chr8	122253426	122253426	C	G
chr5	167654008	167654008	G	T
chr10	5946791	5946791	C	A
chr1	174911876	174911876	T	C
chr15	57549179	57549179	G	C
chr4	11807958	11807958	T	C
chr19	37225021	37225021	C	G
chr6	127095318	127095318	G	C
chr6	81373288	81373288	C	G
chr15	43031485	43031485	G	A
chr14	74030283	74030283	A	G
chr12	17464042	17464042	C	G
chr7	127437976	127437976	T	G
chr2	145256552	145256552	G	C
chr14	94729424	94729424	C	G
chr20	23500794	23500794	G	A
chr7	126641536	126641536	A	C
chr1	198685475	198685475	C	G
chrX	41276368	41276368	C	T
chr4	81968877	81968877	T	A
chr8	51718433	51718433	G	A
chr17	25848719	25848719	C	T
chr10	91168444	91168444	A	T
chr17	59672018	59672018	C	T
chr17	31060927	31060927	C	T
chr6	56471988	56471988	G	C
chr7	77449414	77449414	C	T
chr20	44869644	44869644	G	T
chr19	57306956	57306956	G	A
chr21	26058155	26058155	G	T
chr2	199743230	199743230	A	C
chr12	10853731	10853731	G	C
chr2	20972729	20972729	C	G
chr5	179071099	179071099	G	C
chr3	97254338	97254338	G	A
chr17	69092431	69092431	G	A
chr12	7072056	7072056	C	G
chr18	29441593	29441593	G	A
chr1	145069355	145069355	G	C
chr16	14348942	14348942	C	G
chr17	47824165	47824165	G	T
chr19	38764700	38764700	G	A
chr18	53361804	53361804	T	C
chr14	103861815	103861815	A	G
chr20	34385770	34385770	C	T
chr9	35574172	35574172	G	C
chr13	102525060	102525060	T	A
chr18	64927044	64927044	C	T
chr3	2946784	2946784	G	A
chr19	40602318	40602318	G	A
chr20	33957926	33957926	C	G
chr5	53369484	53369484	C	A
chr3	53381710	53381710	C	G
chr8	62764518	62764518	C	T
chr4	144340919	144340919	C	A
chr16	14682355	14682355	C	G
chr22	50003286	50003286	A	G
chrX	88369608	88369608	A	T
chrX	22325999	22325999	C	T
chr15	88895352	88895352	G	A
chr6	41689002	41689002	G	C
chr9	4022842	4022842	C	T
chr2	202544027	202544027	C	T
chr3	1109547	1109547	G	A
chr8	85363617	85363617	T	G
chr18	8071606	8071606	T	C
chr6	90887332	90887332	G	T
chr3	136620486	136620486	C	G
chr7	129117343	129117343	C	G
chr8	71172485	71172485	T	G
chr14	37374372	37374372	G	A
chr3	58759663	58759663	G	C
chr12	52412463	52412463	G	T
chr1	224565030	224565030	G	A
chr3	115620586	115620586	C	G
chr15	39691933	39691933	G	A
chr10	26938115	26938115	G	A
chr3	60580602	60580602	T	A
chr12	57029729	57029729	G	T
chr19	625991	625991	G	A
chr2	181893722	181893722	T	A
chr3	152309613	152309613	T	G
chr5	58878336	58878336	A	C
chr2	145589392	145589392	G	A
chr4	153138844	153138844	C	T
chr12	99422391	99422391	T	C
chr11	76659641	76659641	G	A
chr19	13331442	13331442	C	G
chr13	106905527	106905527	T	A
chr12	85044489	85044489	C	T
chr2	216656947	216656947	G	T
chr21	45959952	45959952	C	T
chr2	48586671	48586671	G	C
chr6	114279096	114279096	A	T
chr16	6474049	6474049	G	A
chr14	79052232	79052232	C	G
chrX	33499728	33499728	C	G
chr4	16193308	16193308	C	T
chr2	174752980	174752980	T	C
